cnt	sum	min	avg	max	sumLock	sumRows	avgRows	db	query
71395	423.12445087	9.6205e-05	0.005926527	0.228764231	0.171924	59369	0.8316	isuride	SELECT * FROM rides WHERE chair_id = '01JGV2BK4XNZQ5EG4RC45YYSB8' ORDER BY updated_at DESC LIMIT 1
29780	291.616350912	0.000118614	0.009792355	0.169346207	0.047523	2656	0.0892	isuride	SELECT * FROM ride_statuses WHERE ride_id = '01JGV2CKDY47MVCGNSHKR7HJTD' AND app_sent_at IS NULL ORDER BY created_at ASC LIMIT 1
45801	225.201246623	0.000118324	0.00491695	0.221100201	0.099605	2659	0.0581	isuride	SELECT * FROM ride_statuses WHERE ride_id = '01JGV2BSSDDJ3F6JY1RWNCGYVS' AND chair_sent_at IS NULL ORDER BY created_at ASC LIMIT 1
33506	163.174063459	0.000116826	0.004869995	0.234666319	0.073615	165719	4.9459	isuride	SELECT * FROM ride_statuses WHERE ride_id = '01JGV2BT0V5J2M52BSFGGFQRC6' ORDER BY created_at
72395	134.937963319	9.2336e-05	0.001863912	0.123826467	0.245107	72486	1.0013	isuride	SELECT * FROM chairs WHERE access_token = 'abee2fc326b18eadafa89965d5712212b93a8492a8001d9af61afbd8deb800ad'
2658	86.232476857	0.000219701	0.032442617	0.223960766	0.006923	0	0.0000	isuride	INSERT INTO ride_statuses (id, ride_id, status) VALUES ('01JGV2CPXQ6JYGF3XCW085R1BP', '01JGV2CPX2NCD34456307TJFM4', 'MATCHING')
11937	82.580660554	9.7253e-05	0.006918041	0.194777268	0.029893	33576	2.8128	isuride	SELECT * FROM rides WHERE chair_id = '01JGV2BMRZXHVHJTQP5EKK3DSH' ORDER BY updated_at DESC
29780	81.160767211	9.4037e-05	0.002725344	0.139500274	0.057704	29795	1.0005	isuride	SELECT * FROM rides WHERE user_id = '01JGV2BF9V3S2VAH4Y6BZXCZMB' ORDER BY created_at DESC LIMIT 1
87060	77.323699328	4.977e-05	0.000888165	0.104580882	0.164731	87138	1.0009	isuride	SELECT IFNULL(last_status,'COMPLETED') FROM rides WHERE id = '01JGV2CJGAV6R9HVWVSW1RVH7F'
469	49.179084483	0.00014312	0.104859455	4.216702519	0.001006	23264	49.6034	isuride	SELECT *, IFNULL(last_latitude,0) AS last_latitude, IFNULL(last_longitude,0) AS last_longitude, speed FROM chairs WHERE is_active = TRUE AND id NOT IN (SELECT chair_id FROM rides WHERE chair_id IS NOT NULL AND id IN (SELECT ride_id FROM ride_statuses GROUP BY ride_id HAVING COUNT(chair_sent_at) < 6)) AND id NOT IN (SELECT chair_id FROM rides LEFT JOIN ride_statuses ON rides.id = ride_statuses.ride_id WHERE ride_statuses.ride_id IS null)
13214	25.378527994	6.4701e-05	0.001920578	0.086769821	0.017859	13216	1.0002	isuride	SELECT * FROM chairs WHERE id = '01JGV2BRA9JY38KRAWEE07WYRG'
2890	24.276691328	0.000126134	0.008400239	0.167218847	0.00877	7137	2.4696	isuride	SELECT rides.* FROM rides JOIN ride_statuses ON rides.id = ride_statuses.ride_id WHERE chair_id = '01JGV2B21MHJRKDYR2KDKQB1QR' AND status = 'COMPLETED' AND updated_at BETWEEN '1970-01-01' AND '2025-01-05 11:07:29.839' + INTERVAL 999 MICROSECOND
2659	22.969578679	0.000105459	0.008638427	0.153486116	0.714344	0	0.0000	isuride	UPDATE ride_statuses SET chair_sent_at = CURRENT_TIMESTAMP(6) WHERE id = '01JGV2BWTQSKM42ZWMYW6XMK4D'
8303	21.996711611	0.000100461	0.002649248	0.113643918	0.021151	0	0.0000	isuride	UPDATE chairs SET total_distance = total_distance + IFNULL(ABS(302 - last_latitude) + ABS(318 - last_longitude),0), total_distance_updated_at = '2025-01-05 11:07:24.441752803', last_latitude = 302, last_longitude = 318 WHERE id = '01JGV2BH4MSB092GR0NJRSK49K'
2656	20.49419945	0.000115191	0.007716189	0.152720034	1.234485	0	0.0000	isuride	UPDATE ride_statuses SET app_sent_at = CURRENT_TIMESTAMP(6) WHERE id = '01JGV2C7R3K4MK0KZ00PWSRKKG'
45771	12.81959231	5.758e-05	0.000280081	0.070946094	0.08087	45803	1.0007	isuride	SELECT * FROM users WHERE id = '01JGV2BSV1469P0C2F2AM1A0Q1' FOR SHARE
31964	12.688410518	7.4588e-05	0.000396959	0.076518892	0.049374	16493	0.5160	isuride	SELECT * FROM coupons WHERE used_by = '01JGV2C3A4QRHPG262P102G33X'
32537	11.50535548	6.9587e-05	0.000353608	0.077304089	0.098872	32572	1.0011	isuride	SELECT * FROM users WHERE access_token = '11fa40e0f012fd5c5efa33af339c63a6eac7a8b4f2d88e31e56cbe6d305d9da2'
13682	11.060321005	5.8288e-05	0.000808384	0.086110289	0.043423	0	0.0000	isuride	INSERT INTO chair_locations (id, chair_id, latitude, longitude, created_at) VALUES ('01JGV2BM0B48AJRH2R06KZ81ME', '01JGV2B24RGR2ND1JTGRM9K6PY', 312, 300, '2025-01-05 11:07:15.339826131')
92301	9.0791863	1.2976e-05	9.8364e-05	0.075780634	0	0	0.0000	isuride	COMMIT
426	6.0417535	0.00012165	0.014182519	0.126521871	0.000383	0	0.0000	isuride	UPDATE rides SET evaluation = 1 WHERE id = '01JGV2BV47H16P4V5Z7PS6ACMY'
582	5.812524642	0.000566564	0.009987155	0.097421616	0.001346	5244	9.0103	isuride	SELECT *, last_latitude, last_longitude FROM chairs WHERE ABS(-19 - last_latitude) + ABS(26 - last_longitude) <= 50 AND is_active AND (last_status IS NULL OR last_status = 'COMPLETED') ORDER BY ABS(-19 - last_latitude) + ABS(26 - last_longitude)
496	5.769293648	9.0552e-05	0.01163164	0.184619307	0.002366	0	0.0000	isuride	"INSERT INTO rides (id, user_id, pickup_latitude, pickup_longitude, destination_latitude, destination_longitude)
				  VALUES ('01JGV2BXHSP9P122Q1WJFRF7VN', '01JGV2BXBSXF1DG53Z2X3BZ4Y3', 345, 279, 324, 279)"
1825	4.861431594	0.000111067	0.002663798	0.08232515	0.008958	0	0.0000	isuride	UPDATE chairs SET total_distance = total_distance + IFNULL(ABS(40 - last_latitude) + ABS(-16 - last_longitude),0), total_distance_updated_at = '2025-01-05 11:07:18.221200075', last_latitude = 40, last_longitude = -16 WHERE id = '01JGV2BJZSQCVS0XG6MER5P94K'
1820	4.744953619	0.000109919	0.002607117	0.107375541	0.003924	0	0.0000	isuride	UPDATE chairs SET total_distance = total_distance + IFNULL(ABS(-17 - last_latitude) + ABS(-20 - last_longitude),0), total_distance_updated_at = '2025-01-05 11:07:15.078274933', last_latitude = -17, last_longitude = -20 WHERE id = '01JGV2B205RE6VWVFF47R265Y7'
1734	4.720905751	0.000103198	0.002722552	0.08211189	0.003512	0	0.0000	isuride	UPDATE chairs SET total_distance = total_distance + IFNULL(ABS(-4 - last_latitude) + ABS(14 - last_longitude),0), total_distance_updated_at = '2025-01-05 11:07:55.726770191', last_latitude = -4, last_longitude = 14 WHERE id = '01JGV2BVXVJYBRQVA2AKQTW98Z'
105042	4.191159707	9.358e-06	3.9899e-05	0.059110718	0	0	0.0000	isuride	START TRANSACTION
497	3.279880165	0.000111198	0.006599356	0.084949982	0.000703	0	0.0000	isuride	UPDATE rides SET chair_id = '01JGV2CA6TGJXRYTC6D6DJF3BM' WHERE id = '01JGV2CH0BMRE7GAY7982JGV1C'
1349	2.213515249	5.7016e-05	0.001640856	0.069692517	0.001386	1349	1.0000	isuride	SELECT * FROM rides WHERE id = '01JGV2CFBGF7S5XZQKKM55MH6M'
874	1.461832166	7.4037e-05	0.001672576	0.048106233	0.000918	874	1.0000	isuride	SELECT * FROM rides WHERE id = '01JGV2BDM8Q78HRE7KFBNA6C0J' FOR UPDATE
497	1.289160744	0.000103784	0.002593884	0.133492267	0.00047	497	1.0000	isuride	SELECT COUNT(*) FROM rides WHERE user_id = '01JGV2B8QCW1AQE6J88F77BE6N'
585	1.132169907	9.2063e-05	0.001935333	0.089643976	0.000577	1265	2.1624	isuride	SELECT * FROM rides WHERE user_id = '01JGV2B7Z44DE3DSF5ZNYAD1SB' ORDER BY created_at DESC
497	1.089340721	9.3328e-05	0.002191832	0.069672169	0.000547	1193	2.4004	isuride	SELECT * FROM rides WHERE user_id = '01JGV2BY6TTE33S7BRTB2GXQR2'
147	0.891253597	0.000127247	0.006062949	0.109062568	0.00057	0	0.0000	isuride	INSERT INTO chairs (id, owner_id, name, model, is_active, access_token) VALUES ('01JGV2BVYKM9YEPD6NKC0TYFVJ', '01JGV2B1ZZ06KWSMDWMK75A3HM', 'ES-08-4727', 'EasySit', 0, '8b118fa7ca7435fe7accc15f38865f2ce9db2644c99eda02ddd73a033f0ce0b3')
469	0.731837128	0.000101337	0.00156042	0.495878229	0.000798	904	1.9275	isuride	SELECT * FROM rides WHERE chair_id IS NULL ORDER BY created_at
165	0.711419841	0.000148578	0.004311635	0.047552638	0.000224	2799	16.9636	isuride	"SELECT id,
       owner_id,
       name,
       access_token,
       model,
       is_active,
       created_at,
       updated_at,
       total_distance,
       total_distance_updated_at
FROM chairs WHERE owner_id = '01JGV2B21ABHQ4Z8MJA8VK8MGK'"
12693	0.669047176	1.3588e-05	5.2709e-05	0.009763725	0	0	0.0000	isuride	ROLLBACK
2	0.500614271	0.141739011	0.250307135	0.35887526	0	0	0.0000	isuride	INSERT INTO `chair_locations` VALUES ('01JDJ37JJ0QPX4D87D8XY6WAWN','01JDHH3KZ0MG3PGY12JCWQAGHH',18,-3,'2024-11-25 16:42:16.000000'),('01JDJ39G2RT9QNQWSRVCXETS8M','01JDHH3KZ0MG3PGY12JCWQAGHH',23,-1,'2024-11-25 16:43:19.000000'),('01JDJ39YQG5BYSPFGY8XCWSVQ0','01JDGXCMJ0XT63R13M61ZVHC46',-22,-49,'2024-11-25 16:43:34.000000'),('01JDJ39YQGEWSXD2XNYT0ZNVR9','01JDGEKKV0J0S5KS9C852QYCK3',36,-1,'2024-11-25 16:43:34.000000'),('01JDJ3BANR2Z2FMJVQMGCQAGKE','01JDHH3KZ0MG3PGY12JCWQAGHH',30,-1,'2024-11-25 16:44:19.000000'),('01JDJ3BW88F7KVM45KVY80DD9T','01JDGXCMJ0XT63R13M61ZVHC46',-21,-48,'2024-11-25 16:44:37.000000'),('01JDJ3BW88JJ90PX3HJWPAWPTC','01JDGEKKV0J0S5KS9C852QYCK3',33,-3,'2024-11-25 16:44:37.000000'),('01JDJ3D58RY7XMK4G7NJFTXFY5','01JDHH3KZ0MG3PGY12JCWQAGHH',32,4,'2024-11-25 16:45:19.000000'),('01JDJ3DPV8E7GZG9CBN4HFJJZ4','01JDGXCMJ0XT63R13M61ZVHC46',-20,-47,'2024-11-25 16:45:37.000000'),('01JDJ3DPV8QZD17T730ECR76QW','01JDGEKKV0J0S5KS9C852QYCK3',33,-8,'2024-11-25 16:45:37.000000'),('01JDJ3EZVRW3AFFDVQSS7AE7QE'...
1	0.499628239	0.499628239	0.499628239	0.499628239	0	0	0.0000	isuride	INSERT INTO `ride_statuses` VALUES ('01JDJ37JJ0QPX4D87D918TBP0F','01JDJ37JJ0QPX4D87D911C62H7','MATCHING','2024-11-25 16:42:16.000000','2024-11-25 16:42:17.000000','2024-11-25 16:42:17.000000'),('01JDJ37NFRMMNZQD6KQRGHZNJH','01JDJ37JJ0QPX4D87D911C62H7','ENROUTE','2024-11-25 16:42:19.000000','2024-11-25 16:42:20.000000','2024-11-25 16:42:20.000000'),('01JDJ39YQG5BYSPFGY8ZQYJS0J','01JDJ39YQG5BYSPFGY8Y5SNTKM','MATCHING','2024-11-25 16:43:34.000000','2024-11-25 16:43:35.000000','2024-11-25 16:43:35.000000'),('01JDJ39YQGEWSXD2XNYVVJ3ZG7','01JDJ39YQGEWSXD2XNYTBJTWTV','MATCHING','2024-11-25 16:43:34.000000','2024-11-25 16:43:35.000000','2024-11-25 16:43:35.000000'),('01JDJ3A1N8NX5MWCX8JB6J5REC','01JDJ39YQGEWSXD2XNYTBJTWTV','ENROUTE','2024-11-25 16:43:37.000000','2024-11-25 16:43:38.000000','2024-11-25 16:43:38.000000'),('01JDJ3A1N8X68KM0XWQS13HDTZ','01JDJ39YQG5BYSPFGY8Y5SNTKM','ENROUTE','2024-11-25 16:43:37.000000','2024-11-25 16:43:38.000000','2024-11-25 16:43:38.000000'),('01JDJ3JN1RZ18MNMV32D56N8WR','01JDJ37JJ0...
145	0.442523634	0.000128295	0.003051887	0.080674477	0.000192	0	0.0000	isuride	UPDATE chairs SET is_active = 1 WHERE id = '01JGV2B24KD5M7RGTPKSHSZQ1R'
1265	0.393872601	5.5783e-05	0.000311361	0.014805571	0.010159	1265	1.0000	isuride	SELECT * FROM owners WHERE id = '01JGV2B22PK2PB5MG9202FBXXW'
157	0.355193744	0.000138481	0.00226238	0.079263871	0.000184	2891	18.4140	isuride	SELECT * FROM chairs WHERE owner_id = '01JGV2B21ABHQ4Z8MJA8VK8MGK'
181	0.328869095	9.4538e-05	0.001816956	0.035334591	0.000232	0	0.0000	isuride	INSERT INTO users (id, username, firstname, lastname, date_of_birth, access_token, invitation_code) VALUES ('01JGV2CBDQ6DVHN2PH08YVZ3VY', 'Gerhold3463', '拓翔', '上田', '1974-01-04', '6f2261defaac76b55e6eecebabcd9b0e7c37f0d417e879d646a434f5ca2697ff', '82497cc7ccf9ee9103f2bc1051ccae')
257	0.326556697	0.000157763	0.001270648	0.05665058	0.000244	0	0.0000	isuride	UPDATE coupons SET used_by = '01JGV2C6EJ5AGVHTKPCSKC2BA9' WHERE user_id = '01JGV2C64RNS8KJGKD8JZJ6KSB' AND code = 'CP_NEW2024'
320	0.267293928	0.00012953	0.000835293	0.01723649	0.000341	78	0.2438	isuride	SELECT * FROM coupons WHERE user_id = '01JGV2BA2FJF9AX8MQAFG85XZ7' AND used_by IS NULL ORDER BY created_at LIMIT 1
316	0.254072669	0.000146975	0.000804027	0.011218253	0.003791	76	0.2405	isuride	SELECT * FROM coupons WHERE user_id = '01JGV2B85V8D9PB2HEYX58VYFR' AND used_by IS NULL ORDER BY created_at LIMIT 1 FOR UPDATE
181	0.198150706	7.3436e-05	0.001094755	0.037103088	0.000255	0	0.0000	isuride	INSERT INTO payment_tokens (user_id, token) VALUES ('01JGV2BMJ94K0BFDM9PP0H1MRV', 'RhQaJjgKAahieXZBnjCKqRYwIGCJlfDxpIhywyiIBNHgBJXmaIkAtMZsinwpRLHATEMpNTIopfJeGxyTTozuCYbDyvkDDSDinOlG')
1	0.183266464	0.183266464	0.183266464	0.183266464	4e-06	0	0.0000	isuride	UPDATE chairs, (SELECT chair_id, SUM(IFNULL(distance, 0)) AS total_distance, MAX(created_at) AS total_distance_updated_at FROM (SELECT chair_id, created_at, ABS(latitude - LAG(latitude) OVER (PARTITION BY chair_id ORDER BY created_at)) + ABS(longitude - LAG(longitude) OVER (PARTITION BY chair_id ORDER BY created_at)) AS distance FROM chair_locations) tmp GROUP BY chair_id) AS d SET chairs.total_distance = d.total_distance, chairs.total_distance_updated_at = d.total_distance_updated_at WHERE chairs.id = d.chair_id
501	0.170770096	6.8535e-05	0.000340858	0.012146523	0.000523	181	0.3613	isuride	SELECT * FROM coupons WHERE user_id = '01JGV2B2E2EG0RA535M3NRM6BN' AND code = 'CP_NEW2024' AND used_by IS NULL
228	0.126801431	7.0146e-05	0.000556146	0.021005243	0.000235	0	0.0000	isuride	INSERT INTO coupons (user_id, code, discount) VALUES ('01JGV2CD5YYTWJZBFA2DFV9J94', 'CP_NEW2024', 3000)
426	0.122405738	6.5156e-05	0.000287337	0.015477611	0.000454	426	1.0000	isuride	SELECT value FROM settings WHERE name = 'payment_gateway_url'
426	0.118377409	6.8688e-05	0.000277881	0.00824014	0.000434	426	1.0000	isuride	SELECT * FROM payment_tokens WHERE user_id = '01JGV2B71X85MDF22KNGQNDEJ2'
322	0.088934507	7.2932e-05	0.000276194	0.006992473	0.003344	322	1.0000	isuride	SELECT * FROM owners WHERE access_token = 'b59c510f0057405f5a3139eecc21d6623ddaef7657953b48f2c5d14125ced7a6'
1	0.074138997	0.074138997	0.074138997	0.074138997	0	0	0.0000	isuride	INSERT INTO `rides` VALUES ('01JDJ37JJ0QPX4D87D911C62H7','01JDJ322S0KH01ENA31X2QB60M','01JDHH3KZ0MG3PGY12JCWQAGHH',37,18,21,0,2,'2024-11-25 16:42:16.000000','2024-11-25 16:55:19.000000'),('01JDJ39YQG5BYSPFGY8Y5SNTKM','01JDJ34EYGXHFM1HRDHCP0DFXY','01JDGXCMJ0XT63R13M61ZVHC46',-15,38,-21,19,3,'2024-11-25 16:43:34.000000','2024-11-25 17:45:37.000000'),('01JDJ39YQGEWSXD2XNYTBJTWTV','01JDJ34EYGXHFM1HRDHCP0DFXY','01JDGEKKV0J0S5KS9C852QYCK3',-17,-47,-18,-73,5,'2024-11-25 16:43:34.000000','2024-11-25 17:11:37.000000'),('01JDJ3TG105GTSDHN29PNRY84C','01JDJ3N080WQD8H1GZBHA8RVCX','01JDGV9D68CBADARMD6H9BQ8KJ',4,-27,3,-47,2,'2024-11-25 16:52:36.000000','2024-11-25 17:01:39.000000'),('01JDJ434CRV70HMDV8BFNG9XCR','01JDJB9Z3R66BBKVRBF5W037QW','01JDHH3KZ0MG3PGY12JCWQAGHH',-38,-10,-32,-13,3,'2024-11-25 16:57:19.000000','2024-11-25 17:11:22.000000'),('01JDJ4EQFR4Q6X096NB05QG6SA','01JDMCVYVGMDH4KM4P46SQN61H','01JDGV9D68CBADARMD6H9BQ8KJ',5,44,-27,37,2,'2024-11-25 17:03:39.000000','2024-11-25 17:32:42.000000'),('01JDJ4SD98HQ5QAG6...
1	0.063636569	0.063636569	0.063636569	0.063636569	0	0	0.0000	isuride	INSERT INTO `chairs` VALUES ('01JDFEF7MGXXCJKW1MNJXPA77A','01JDFEDF008NTA922W12FS7800','QC-L13-8361','クエストチェア Lite',0,'3013d5ec84e1b230f913a17d71ef27c8d09d777b1cce7a3c1e2ffd4040848411','2024-11-24 16:00:58.000000','2024-11-24 16:00:58.000000'),('01JDFEXJM006PH4C1EVHJ31QMV','01JDFEDF008NTA922W12FS7800','LC-48-2566','Legacy Chair',0,'b63d4c58ded093013ea5a483e2184d91e8069d17c69385c728cdc620784a4dd1','2024-11-24 16:08:48.000000','2024-11-24 16:08:48.000000'),('01JDFF0T4G7TXSR2S5PKRAC3HK','01JDFEDF0032PVQ8C193WGKKPB','PA-Z28-375','プレミアムエアチェア ZETA',0,'afb5acdce7a582d47fc75d17e70c71c9df0a333bf25417371e85dae8c1a10167','2024-11-24 16:10:34.000000','2024-11-24 16:10:34.000000'),('01JDFFCJ3R35BM39QZ5SAMFXJD','01JDFEDF0032PVQ8C193WGKKPB','RS-NEO01-1369','リラックスシート NEO',0,'b5215e1d58567074e09f03d3c1796c0b6c9376cdd9fe4e53fc3d23bb5f36c835','2024-11-24 16:16:59.000000','2024-11-24 16:16:59.000000'),('01JDFFNACGHDSW5JB8S4GF8423','01JDFEDF00YK9SN2RGHVCC8JAY','ZB-A53-9086'...
1	0.060872488	0.060872488	0.060872488	0.060872488	0	0	0.0000	isuride	INSERT INTO `users` VALUES ('01JDJ23EA0C0P2KFPTXDKTZMNM','Collier6283','和治','大森','1972-01-20','34ea320039fc61ae2558176607a2e12ca402cbba22ea21e8c28a46df63f4fd25','5c4a695f66d598eac2a1da230f39d4','2024-11-25 16:22:32.000000','2024-11-25 16:22:32.000000'),('01JDJ23EA0C0P2KFPTXEJNC8TE','Miller6106','寿英','緒方','1963-12-13','d175bd9d34b9c4e0b3d9864a07ccee37f043b9df1e77ca20c78bc5878a537dc6','21b45ed16b4a5195cfe24cd31fc3f3','2024-11-25 16:22:32.000000','2024-11-25 16:22:32.000000'),('01JDJ322S0KH01ENA31X2QB60M','Goldner6682','倖寧','金子','1990-07-04','d1c9df78002d6829f32f1d676c472de1e2f2ce23d8c949979316060e55124205','ee6d417477d556ff0193873b14754b','2024-11-25 16:39:16.000000','2024-11-25 16:39:16.000000'),('01JDJ322S0KH01ENA320NK4MM4','Schneider1218','健児','原口','1997-01-22','c92a4d14dea64104c5284c26254f2e5fa618feba2aa6fc04e2f7f06beee2be8f','fef76756db683630185e8103af54d2','2024-11-25 16:39:16.000000','2024-11-25 16:39:16.000000'),('01JDJ34EYGXHFM1HRDHCP0DFXY','Koss7545','伸晃','小坂...
181	0.059023094	9.137e-05	0.000326094	0.005975128	0.000162	181	1.0000	isuride	SELECT * FROM coupons WHERE user_id = '01JGV2CV842WYSADK1SDCQ1FTZ' AND code = 'CP_NEW2024' AND used_by IS NULL FOR UPDATE
1	0.058318982	0.058318982	0.058318982	0.058318982	0	0	0.0000	isuride	INSERT INTO `coupons` VALUES ('01JDJ23EA0C0P2KFPTXDKTZMNM','RWD_5c4a695f66d598e_1732551752000',1000,'2024-11-25 16:22:32.000000',NULL),('01JDJ23EA0C0P2KFPTXDKTZMNM','RWD_5c4a695f66d598e_1732555352000',1000,'2024-11-25 17:22:32.000000',NULL),('01JDJ23EA0C0P2KFPTXDKTZMNM','RWD_5c4a695f66d598e_1732558952000',1000,'2024-11-25 18:22:32.000000',NULL),('01JDJ23EA0C0P2KFPTXEJNC8TE','INV_5c4a695f66d598e',1500,'2024-11-25 16:22:32.000000','01JDJCPMSRKN8AHVF9S48FNPP1'),('01JDJ322S0KH01ENA31X2QB60M','RWD_ee6d417477d556f_1732552756000',1000,'2024-11-25 16:39:16.000000','01JDJ37JJ0QPX4D87D911C62H7'),('01JDJ322S0KH01ENA320NK4MM4','INV_ee6d417477d556f',1500,'2024-11-25 16:39:16.000000','01JDKDWS2RCQK5W9YD0TPHBKDX'),('01JDJ3N080WQD8H1GZBHA8RVCX','RWD_afaf277216f9681_1732553376000',1000,'2024-11-25 16:49:36.000000','01JDM60N905RR304V6D42G63F1'),('01JDJ3N080WQD8H1GZBM9EDBTP','INV_afaf277216f9681',1500,'2024-11-25 16:49:36.000000',NULL),('01JDJ4DX40JG91GBMZEC5RSHB9','RWD_6c97f40e83ccb6b_1732554192000',1000,'2024-11-25 17:03:1...
47	0.034241435	0.000113096	0.000728541	0.016098867	0.019572	0	0.0000	isuride	INSERT INTO coupons (user_id, code, discount) VALUES ('01JGV2BA2FJF9AX8MQAFG85XZ7', CONCAT('RWD_64a3509c694cdf9bd92beee578ba30', '_', FLOOR(UNIX_TIMESTAMP(NOW(3))*1000)), 1000)
147	0.032741537	8.1863e-05	0.000222731	0.003973788	0.000209	147	1.0000	isuride	SELECT * FROM owners WHERE chair_register_token = 'f832ca9f8f093477cea527e1bea640cfa9af435395432aed4eafda191ced7a4c'
1	0.026067333	0.026067333	0.026067333	0.026067333	2e-06	0	0.0000	isuride	"UPDATE chairs AS c
JOIN (
    SELECT cl1.chair_id, cl1.latitude, cl1.longitude
    FROM chair_locations AS cl1
    INNER JOIN (
        SELECT chair_id, MAX(created_at) AS max_created_at
        FROM chair_locations
        GROUP BY chair_id
    ) AS cl2 ON cl1.chair_id = cl2.chair_id AND cl1.created_at = cl2.max_created_at
) AS latest_cl ON c.id = latest_cl.chair_id
SET c.last_latitude = latest_cl.latitude,
    c.last_longitude = latest_cl.longitude"
1	0.02167774	0.02167774	0.02167774	0.02167774	0	0	0.0000	isuride	INSERT INTO `payment_tokens` VALUES ('01JDJ23EA0C0P2KFPTXDKTZMNM','zMKGkeZuXcPyQPlPBJWJRnYnlPaIdSUOTWABUQerJIuKcsCfTHkmjhiIahDyIoPYpCpIRVGaszCVelTpPQKHTRAuLPDzyFWoZSJs','2024-11-25 16:22:32.000000'),('01JDJ23EA0C0P2KFPTXEJNC8TE','eowdyLFZINUNBEWoECKmGQWlwevNgBnjySkxbiSmeQdvwVzqSsDsAnrVsHJZBoLKHeMRjyGuXolcuaBaymnAfDAzVSuqHxnUgYMW','2024-11-25 16:22:32.000000'),('01JDJ322S0KH01ENA31X2QB60M','CStEflQqeGUHEuEQIDQjVnqDGyKUIyixzOXfEnuAHPIvlYQSgLswEaRMfkSDBuuluPXXKxbZyEqIVXsagUIMDqqErCsTUKClYvGy','2024-11-25 16:39:16.000000'),('01JDJ322S0KH01ENA320NK4MM4','EAhiYBGUTnobXZwTmLMonIufPJwgPXQmGuceqDrBtErIevyrGwUmYJutjrEiVhpimHxLVCBhAsgecaFGUlLQowgqGOukQoEuNsHh','2024-11-25 16:39:16.000000'),('01JDJ34EYGXHFM1HRDHCP0DFXY','TIOAwNDvaKHwlBIyJKGYolAVwgKLCwBkVSoIOyBklGhGoEqjbWuqiwswiyCgqLEcNgGcxhwdZIlNyUtkkiCnXAImUXUQilKZqwvM','2024-11-25 16:40:34.000000'),('01JDJ3N080WQD8H1GZBHA8RVCX','uOPyGqiAMlQsutZhUfiaucUSXzsmuNdqIXXjferIIPjVTUIjVaSwhNmqBDLbdpOTTVkvjPwGXwqudHIdszIQKATtkQYPnKcLCyAI','2024-11-25 16:49:36.000000'),('01JDJ...
1	0.021145827	0.021145827	0.021145827	0.021145827	9e-06	0	0.0000	isuride	"CREATE TABLE owners
(
  id                   VARCHAR(26)  NOT NULL COMMENT 'オーナーID',
  name                 VARCHAR(30)  NOT NULL COMMENT 'オーナー名',
  access_token         VARCHAR(255) NOT NULL COMMENT 'アクセストークン',
  chair_register_token VARCHAR(255) NOT NULL COMMENT '椅子登録トークン',
  created_at           DATETIME(6)  NOT NULL DEFAULT CURRENT_TIMESTAMP(6) COMMENT '登録日時',
  updated_at           DATETIME(6)  NOT NULL DEFAULT CURRENT_TIMESTAMP(6) ON UPDATE CURRENT_TIMESTAMP(6) COMMENT '更新日時',
  PRIMARY KEY (id),
  UNIQUE (name),
  UNIQUE (access_token),
  UNIQUE (chair_register_token)
)
  COMMENT = '椅子のオーナー情報テーブル'"
47	0.018367243	7.9189e-05	0.000390792	0.004991192	3.6e-05	47	1.0000	isuride	SELECT * FROM users WHERE invitation_code = 'ba4542149a92f7e560053f5e9f6436'
1	0.01756945	0.01756945	0.01756945	0.01756945	8e-06	0	0.0000	isuride	"CREATE TABLE users
(
  id              VARCHAR(26)  NOT NULL COMMENT 'ユーザーID',
  username        VARCHAR(30)  NOT NULL COMMENT 'ユーザー名',
  firstname       VARCHAR(30)  NOT NULL COMMENT '本名(名前)',
  lastname        VARCHAR(30)  NOT NULL COMMENT '本名(名字)',
  date_of_birth   VARCHAR(30)  NOT NULL COMMENT '生年月日',
  access_token    VARCHAR(255) NOT NULL COMMENT 'アクセストークン',
  invitation_code VARCHAR(30)  NOT NULL COMMENT '招待トークン',
  created_at      DATETIME(6)  NOT NULL DEFAULT CURRENT_TIMESTAMP(6) COMMENT '登録日時',
  updated_at      DATETIME(6)  NOT NULL DEFAULT CURRENT_TIMESTAMP(6) ON UPDATE CURRENT_TIMESTAMP(6) COMMENT '更新日時',
  PRIMARY KEY (id),
  UNIQUE (username),
  UNIQUE (access_token),
  UNIQUE (invitation_code)
)
  COMMENT = '利用者情報テーブル'"
47	0.017245571	0.000105871	0.000366927	0.006193727	6.1e-05	17	0.3617	isuride	SELECT * FROM coupons WHERE code = 'INV_7177dfc8c9a0c6e266ee06220ad73b' FOR UPDATE
1	0.016083485	0.016083485	0.016083485	0.016083485	1.2e-05	0	0.0000	isuride	"CREATE TABLE chairs
(
  id           VARCHAR(26)  NOT NULL COMMENT '椅子ID',
  owner_id     VARCHAR(26)  NOT NULL COMMENT 'オーナーID',
  name         VARCHAR(30)  NOT NULL COMMENT '椅子の名前',
  model        TEXT         NOT NULL COMMENT '椅子のモデル',
  is_active    TINYINT(1)   NOT NULL COMMENT '配椅子受付中かどうか',
  access_token VARCHAR(255) NOT NULL COMMENT 'アクセストークン',
  created_at   DATETIME(6)  NOT NULL DEFAULT CURRENT_TIMESTAMP(6) COMMENT '登録日時',
  updated_at   DATETIME(6)  NOT NULL DEFAULT CURRENT_TIMESTAMP(6) ON UPDATE CURRENT_TIMESTAMP(6) COMMENT '更新日時',
  PRIMARY KEY (id)
)
  COMMENT = '椅子情報テーブル'"
1	0.014881621	0.014881621	0.014881621	0.014881621	9e-06	0	0.0000	isuride	"CREATE TABLE chair_locations
(
  id         VARCHAR(26) NOT NULL,
  chair_id   VARCHAR(26) NOT NULL COMMENT '椅子ID',
  latitude   INTEGER     NOT NULL COMMENT '経度',
  longitude  INTEGER     NOT NULL COMMENT '緯度',
  created_at DATETIME(6) NOT NULL DEFAULT CURRENT_TIMESTAMP(6) COMMENT '登録日時',
  PRIMARY KEY (id)
)
  COMMENT = '椅子の現在位置情報テーブル'"
1	0.014155784	0.014155784	0.014155784	0.014155784	1.3e-05	0	0.0000	isuride	"CREATE TABLE ride_statuses
(
  id              VARCHAR(26)                                                                NOT NULL,
  ride_id VARCHAR(26)                                                                        NOT NULL COMMENT 'ライドID',
  status          ENUM ('MATCHING', 'ENROUTE', 'PICKUP', 'CARRYING', 'ARRIVED', 'COMPLETED') NOT NULL COMMENT '状態',
  created_at      DATETIME(6)                                                                NOT NULL DEFAULT CURRENT_TIMESTAMP(6) COMMENT '状態変更日時',
  app_sent_at     DATETIME(6)                                                                NULL COMMENT 'ユーザーへの状態通知日時',
  chair_sent_at   DATETIME(6)                                                                NULL COMMENT '椅子への状態通知日時',
  PRIMARY KEY (id)
)
  COMMENT = 'ライドステータスの変更履歴テーブル'"
1	0.013247746	0.013247746	0.013247746	0.013247746	8e-06	0	0.0000	isuride	"CREATE TABLE chair_models
(
  name  VARCHAR(50) NOT NULL COMMENT '椅子モデル名',
  speed INTEGER     NOT NULL COMMENT '移動速度',
  PRIMARY KEY (name)
)
  COMMENT = '椅子モデルテーブル'"
1	0.012702052	0.012702052	0.012702052	0.012702052	1.2e-05	0	0.0000	isuride	"CREATE TABLE coupons
(
  user_id    VARCHAR(26)  NOT NULL COMMENT '所有しているユーザーのID',
  code       VARCHAR(255) NOT NULL COMMENT 'クーポンコード',
  discount   INTEGER      NOT NULL COMMENT '割引額',
  created_at DATETIME(6)  NOT NULL DEFAULT CURRENT_TIMESTAMP(6) COMMENT '付与日時',
  used_by    VARCHAR(26)  NULL COMMENT 'クーポンが適用されたライドのID',
  PRIMARY KEY (user_id, code)
)
  COMMENT 'クーポンテーブル'"
1	0.012251718	0.012251718	0.012251718	0.012251718	9e-06	0	0.0000	isuride	"CREATE TABLE rides
(
  id                    VARCHAR(26) NOT NULL COMMENT 'ライドID',
  user_id               VARCHAR(26) NOT NULL COMMENT 'ユーザーID',
  chair_id              VARCHAR(26) NULL     COMMENT '割り当てられた椅子ID',
  pickup_latitude       INTEGER     NOT NULL COMMENT '配車位置(経度)',
  pickup_longitude      INTEGER     NOT NULL COMMENT '配車位置(緯度)',
  destination_latitude  INTEGER     NOT NULL COMMENT '目的地(経度)',
  destination_longitude INTEGER     NOT NULL COMMENT '目的地(緯度)',
  evaluation            INTEGER     NULL     COMMENT '評価',
  created_at            DATETIME(6) NOT NULL DEFAULT CURRENT_TIMESTAMP(6) COMMENT '要求日時',
  updated_at            DATETIME(6) NOT NULL DEFAULT CURRENT_TIMESTAMP(6) ON UPDATE CURRENT_TIMESTAMP(6) COMMENT '状態更新日時',
  PRIMARY KEY (id)
)
  COMMENT = 'ライド情報テーブル'"
1	0.01089084	0.01089084	0.01089084	0.01089084	9e-06	0	0.0000	isuride	"CREATE TABLE payment_tokens
(
  user_id    VARCHAR(26)  NOT NULL COMMENT 'ユーザーID',
  token      VARCHAR(255) NOT NULL COMMENT '決済トークン',
  created_at DATETIME(6)  NOT NULL DEFAULT CURRENT_TIMESTAMP(6) COMMENT '登録日時',
  PRIMARY KEY (user_id)
)
  COMMENT = '決済トークンテーブル'"
1	0.010343256	0.010343256	0.010343256	0.010343256	3.6e-05	0	0.0000	isuride	"CREATE TABLE settings
(
  name  VARCHAR(30) NOT NULL COMMENT '設定名',
  value TEXT        NOT NULL COMMENT '設定値',
  PRIMARY KEY (name)
)
  COMMENT = 'システム設定テーブル'"
1	0.008161664	0.008161664	0.008161664	0.008161664	1.4e-05	0	0.0000	isuride	ALTER TABLE rides ADD INDEX (chair_id, updated_at DESC)
1	0.007857659	0.007857659	0.007857659	0.007857659	1.6e-05	0	0.0000	isuride	ALTER TABLE chairs ADD INDEX (owner_id)
1	0.007612464	0.007612464	0.007612464	0.007612464	1.4e-05	0	0.0000	isuride	ALTER TABLE chairs ADD INDEX (is_active, last_status)
1	0.007574754	0.007574754	0.007574754	0.007574754	1.9e-05	0	0.0000	isuride	ALTER TABLE rides ADD INDEX (chair_id, created_at DESC)
1	0.007347652	0.007347652	0.007347652	0.007347652	1e-05	0	0.0000	isuride	ALTER TABLE chairs ADD INDEX (access_token)
1	0.007344532	0.007344532	0.007344532	0.007344532	6e-06	0	0.0000	isuride	DROP TABLE IF EXISTS ride_statuses
1	0.007174465	0.007174465	0.007174465	0.007174465	6e-06	0	0.0000	isuride	DROP TABLE IF EXISTS chair_locations
1	0.006901375	0.006901375	0.006901375	0.006901375	1.3e-05	0	0.0000	isuride	ALTER TABLE coupons ADD INDEX (used_by)
1	0.00683584	0.00683584	0.00683584	0.00683584	6.5e-05	0	0.0000	isuride	ALTER TABLE ride_statuses ADD INDEX (ride_id, created_at DESC)
1	0.006830963	0.006830963	0.006830963	0.006830963	1.5e-05	0	0.0000	isuride	ALTER TABLE ride_statuses ADD INDEX (ride_id, chair_sent_at, created_at)
1	0.006596882	0.006596882	0.006596882	0.006596882	1.9e-05	0	0.0000	isuride	ALTER TABLE chair_locations ADD INDEX (chair_id, created_at)
1	0.006591692	0.006591692	0.006591692	0.006591692	1.5e-05	0	0.0000	isuride	ALTER TABLE rides ADD INDEX (user_id, created_at DESC)
1	0.006146594	0.006146594	0.006146594	0.006146594	1.3e-05	0	0.0000	isuride	ALTER TABLE coupons ADD INDEX (code, user_id, used_by)
1	0.006054818	0.006054818	0.006054818	0.006054818	1.2e-05	0	0.0000	isuride	ALTER TABLE coupons ADD INDEX (user_id, used_by, created_at)
1	0.005811249	0.005811249	0.005811249	0.005811249	1.4e-05	0	0.0000	isuride	ALTER TABLE ride_statuses ADD INDEX (ride_id, app_sent_at, created_at)
1	0.005686424	0.005686424	0.005686424	0.005686424	1.6e-05	0	0.0000	isuride	ALTER TABLE chairs ADD COLUMN last_longitude INTEGER INVISIBLE
1	0.005426653	0.005426653	0.005426653	0.005426653	1.5e-05	0	0.0000	isuride	ALTER TABLE rides ADD COLUMN last_status ENUM ('MATCHING', 'ENROUTE', 'PICKUP', 'CARRYING', 'ARRIVED', 'COMPLETED') NOT NULL DEFAULT 'COMPLETED' COMMENT '状態' INVISIBLE
1	0.005208018	0.005208018	0.005208018	0.005208018	1e-05	0	0.0000	isuride	DROP TABLE IF EXISTS chairs
1	0.004837868	0.004837868	0.004837868	0.004837868	1.5e-05	0	0.0000	isuride	ALTER TABLE chairs ADD COLUMN total_distance_updated_at DATETIME(6) INVISIBLE
1	0.004388267	0.004388267	0.004388267	0.004388267	9e-06	0	0.0000	isuride	DROP TABLE IF EXISTS owners
1	0.004314675	0.004314675	0.004314675	0.004314675	7e-06	0	0.0000	isuride	DROP TABLE IF EXISTS coupons
1	0.004077345	0.004077345	0.004077345	0.004077345	1.2e-05	0	0.0000	isuride	ALTER TABLE chairs ADD COLUMN last_status ENUM ('MATCHING', 'ENROUTE', 'PICKUP', 'CARRYING', 'ARRIVED', 'COMPLETED') NOT NULL DEFAULT 'COMPLETED' COMMENT '状態' INVISIBLE
1	0.003647097	0.003647097	0.003647097	0.003647097	2.1e-05	0	0.0000	isuride	ALTER TABLE chairs ADD COLUMN speed INTEGER NULL COMMENT '移動速度' INVISIBLE
1	0.003557674	0.003557674	0.003557674	0.003557674	1.7e-05	0	0.0000	isuride	ALTER TABLE chairs ADD COLUMN total_distance INTEGER NOT NULL DEFAULT 0 INVISIBLE
1	0.00353159	0.00353159	0.00353159	0.00353159	1.2e-05	0	0.0000	isuride	ALTER TABLE chairs ADD COLUMN last_latitude INTEGER INVISIBLE
1	0.003346913	0.003346913	0.003346913	0.003346913	7e-06	0	0.0000	isuride	DROP TABLE IF EXISTS rides
1	0.003306677	0.003306677	0.003306677	0.003306677	4e-06	0	0.0000	isuride	DROP TABLE IF EXISTS settings
1	0.003144271	0.003144271	0.003144271	0.003144271	6e-06	0	0.0000	isuride	DROP TABLE IF EXISTS users
1	0.003106066	0.003106066	0.003106066	0.003106066	2e-06	0	0.0000	isuride	DROP TABLE IF EXISTS chair_models
1	0.002584818	0.002584818	0.002584818	0.002584818	3e-06	0	0.0000	isuride	DROP TABLE IF EXISTS payment_tokens
1	0.002159935	0.002159935	0.002159935	0.002159935	1e-05	0	0.0000	isuride	CREATE TRIGGER update_speed BEFORE INSERT ON chairs FOR EACH ROW SET NEW.speed = (SELECT speed FROM chair_models WHERE name = NEW.model)
1	0.00120401	0.00120401	0.00120401	0.00120401	6e-06	0	0.0000	isuride	"CREATE TRIGGER update_ride_statuses AFTER INSERT ON ride_statuses FOR EACH ROW BEGIN
UPDATE chairs SET last_status = NEW.status WHERE id IN (SELECT chair_id FROM rides WHERE id = NEW.ride_id);
UPDATE rides SET last_status = NEW.status WHERE id = NEW.ride_id;
END"
1	0.001139069	0.001139069	0.001139069	0.001139069	5e-06	0	0.0000	isuride	"INSERT INTO settings (name, value)
VALUES ('payment_gateway_url', 'http://localhost:12345')"
1	0.001080997	0.001080997	0.001080997	0.001080997	6e-06	0	0.0000	isuride	LOCK TABLES `owners` WRITE
1	0.001074213	0.001074213	0.001074213	0.001074213	2.7e-05	0	0.0000	isuride	LOCK TABLES `users` WRITE
5	0.00081483	9.6003e-05	0.000162966	0.000396774	9e-06	0	0.0000	isuride	INSERT INTO owners (id, name, access_token, chair_register_token) VALUES ('01JGV2B1ZZ06KWSMDWMK75A3HM', '晴れ道タクシー', 'e2159d9a0a2546331ce78ce7e7d8bf9d4efd524ac0f616a198511ed86746a9b5', '8457a680e6a16b2605fd6d1cbc952c904b87701e51b74914022040efa02bdf92')
1	0.00076163	0.00076163	0.00076163	0.00076163	5e-06	0	0.0000	isuride	"INSERT INTO chair_models (name, speed)
VALUES ('リラックスシート NEO', 2),
       ('エアシェル ライト', 2),
       ('チェアエース S', 2),
       ('スピンフレーム 01', 2),
       ('ベーシックスツール プラス', 2),
       ('SitEase', 2),
       ('ComfortBasic', 2),
       ('EasySit', 2),
       ('LiteLine', 2),
       ('リラックス座', 2),
       ('エルゴクレスト II', 3),
       ('フォームライン RX', 3),
       ('シェルシート ハイブリッド', 3),
       ('リカーブチェア スマート', 3),
       ('フレックスコンフォート PRO', 3),
       ('ErgoFlex', 3),
       ('BalancePro', 3),
       ('StyleSit', 3),
       ('風雅（ふうが）チェア', 3),
       ('AeroSeat', 3),
       ('ゲーミングシート NEXUS', 3),
       ('プレイスタイル Z', 3),
       ('ストリームギア S1', 3),
       ('クエストチェア Lite', 3),
       ('エアフロー EZ', 3),
       ('アルティマシート X', 5),
       (..."
1	0.000584958	0.000584958	0.000584958	0.000584958	5e-06	0	0.0000	isuride	LOCK TABLES `ride_statuses` WRITE
1	0.000514273	0.000514273	0.000514273	0.000514273	6e-06	0	0.0000	isuride	LOCK TABLES `payment_tokens` WRITE
8	0.000449091	4.3169e-05	5.6136e-05	7.1834e-05	0	0	0.0000	isuride	UNLOCK TABLES
1	0.000326276	0.000326276	0.000326276	0.000326276	2e-06	0	0.0000	isuride	LOCK TABLES `coupons` WRITE
1	0.000308821	0.000308821	0.000308821	0.000308821	2e-06	0	0.0000	isuride	/*!40000 ALTER TABLE `ride_statuses` DISABLE KEYS */
1	0.000306514	0.000306514	0.000306514	0.000306514	2e-06	0	0.0000	isuride	LOCK TABLES `chairs` WRITE
1	0.000294357	0.000294357	0.000294357	0.000294357	2e-06	0	0.0000	isuride	/*!40000 ALTER TABLE `ride_statuses` ENABLE KEYS */
1	0.000277633	0.000277633	0.000277633	0.000277633	2e-06	0	0.0000	isuride	/*!40000 ALTER TABLE `chairs` ENABLE KEYS */
1	0.00025668	0.00025668	0.00025668	0.00025668	2e-06	0	0.0000	isuride	/*!40000 ALTER TABLE `coupons` ENABLE KEYS */
4	0.000256408	5.8959e-05	6.4102e-05	6.7024e-05	0	4	1.0000	isuride	select @@version_comment limit 1
1	0.000248712	0.000248712	0.000248712	0.000248712	2e-06	0	0.0000	isuride	/*!40000 ALTER TABLE `coupons` DISABLE KEYS */
1	0.000238798	0.000238798	0.000238798	0.000238798	2e-06	0	0.0000	isuride	/*!40000 ALTER TABLE `chair_locations` ENABLE KEYS */
1	0.000231999	0.000231999	0.000231999	0.000231999	1e-06	0	0.0000	isuride	/*!40000 ALTER TABLE `users` ENABLE KEYS */
1	0.0002274	0.0002274	0.0002274	0.0002274	4e-06	0	0.0000	isuride	LOCK TABLES `chair_locations` WRITE
1	0.000224929	0.000224929	0.000224929	0.000224929	1e-06	0	0.0000	isuride	/*!40000 ALTER TABLE `payment_tokens` ENABLE KEYS */
1	0.000222922	0.000222922	0.000222922	0.000222922	2e-06	0	0.0000	isuride	UPDATE settings SET value = 'http://52.195.162.238:12345' WHERE name = 'payment_gateway_url'
1	0.000211925	0.000211925	0.000211925	0.000211925	2e-06	0	0.0000	isuride	/*!40000 ALTER TABLE `rides` ENABLE KEYS */
1	0.000204734	0.000204734	0.000204734	0.000204734	2e-06	0	0.0000	isuride	LOCK TABLES `rides` WRITE
1	0.000200196	0.000200196	0.000200196	0.000200196	1e-06	0	0.0000	isuride	/*!40000 ALTER TABLE `chairs` DISABLE KEYS */
1	0.00019705	0.00019705	0.00019705	0.00019705	1e-06	0	0.0000	isuride	/*!40000 ALTER TABLE `rides` DISABLE KEYS */
1	0.000194514	0.000194514	0.000194514	0.000194514	1e-06	0	0.0000	isuride	/*!40000 ALTER TABLE `owners` ENABLE KEYS */
1	0.000186833	0.000186833	0.000186833	0.000186833	2e-06	0	0.0000	isuride	/*!40000 ALTER TABLE `users` DISABLE KEYS */
1	0.000183258	0.000183258	0.000183258	0.000183258	2e-06	0	0.0000	isuride	/*!40000 ALTER TABLE `owners` DISABLE KEYS */
5	0.000182511	2.7517e-05	3.6502e-05	5.3092e-05	0	5	1.0000	isuride	SELECT DATABASE()
1	0.000168858	0.000168858	0.000168858	0.000168858	0	0	0.0000	isuride	INSERT INTO `owners` VALUES ('01JDFEDF0032PVQ8C193WGKKPB','Seat Revival','7188f2fb45c7d81a6ba30d1572cfff37b3857e66f7b50513bbf89eb2c4bc0ac7','e4dc94948c0ef9fdb9c4e0240b291ce2a3c25a4ee497a3b78baf242e0ca4ca44','2024-11-24 16:00:00.000000','2024-11-24 16:00:00.000000'),('01JDFEDF008NTA922W12FS7800','快座製作所','001d0876c1197819935c6f2e32eb03209c2a874ee6e6463fadffc9d6b14c1ef6','2c8be21b1f52c6fe3dfe65cf28ddad346c7d3dd10a8dd8b8ef4d82a78cda03a2','2024-11-24 16:00:00.000000','2024-11-24 16:00:00.000000'),('01JDFEDF00B09BNMV8MP0RB34G','匠椅子製作所','0811617de5c97aea5ddb433f085c3d1ef2598ab71531ab3492ebb8629f0598d2','cd8a581e44c8cc269ce9f1484b96f5346258d3790eab576c224e3b347f852245','2024-11-24 16:00:00.000000','2024-11-24 16:00:00.000000'),('01JDFEDF00RBY5VSY7C18K3NVF','つくる椅子株式会社','c3eb38a254ca73e84b4d01158870a06d16aefa44f2db7d077a3c82dd8a9c17c2','7451ac5ebdc57986df73f4be0f3734934656eeb5bfde62c6ec5322475e048395','2024-11-24 16:00:00.000000','2024-11-24 16:00:00.000000'),('01JDFEDF00YK9SN...
1	0.000158812	0.000158812	0.000158812	0.000158812	1e-06	0	0.0000	isuride	/*!40000 ALTER TABLE `chair_locations` DISABLE KEYS */
1	0.000151846	0.000151846	0.000151846	0.000151846	1e-06	0	0.0000	isuride	/*!40000 ALTER TABLE `payment_tokens` DISABLE KEYS */
3	0.000131992	3.7729e-05	4.3997e-05	5.1766e-05	0	0	0.0000	isuride	SET CHARACTER_SET_CLIENT = utf8mb4
3	0.000106169	2.5799e-05	3.5389e-05	5.452e-05	0	0	0.0000	isuride	SET CHARACTER_SET_CONNECTION = utf8mb4
1	4.9758e-05	4.9758e-05	4.9758e-05	4.9758e-05	0	0	0.0000	isuride	/*!40103 SET TIME_ZONE=@OLD_TIME_ZONE */
1	4.1612e-05	4.1612e-05	4.1612e-05	4.1612e-05	0	0	0.0000	isuride	/*!40111 SET @OLD_SQL_NOTES=@@SQL_NOTES, SQL_NOTES=0 */
1	3.7177e-05	3.7177e-05	3.7177e-05	3.7177e-05	0	0	0.0000	isuride	/*!40111 SET SQL_NOTES=@OLD_SQL_NOTES */
1	3.4666e-05	3.4666e-05	3.4666e-05	3.4666e-05	0	0	0.0000	isuride	/*!40101 SET @OLD_CHARACTER_SET_CLIENT=@@CHARACTER_SET_CLIENT */
1	3.1556e-05	3.1556e-05	3.1556e-05	3.1556e-05	0	0	0.0000	isuride	/*!40101 SET CHARACTER_SET_CLIENT=@OLD_CHARACTER_SET_CLIENT */
1	3.1182e-05	3.1182e-05	3.1182e-05	3.1182e-05	0	0	0.0000	isuride	USE `isuride`
1	3.0861e-05	3.0861e-05	3.0861e-05	3.0861e-05	0	0	0.0000	isuride	/*!40014 SET @OLD_FOREIGN_KEY_CHECKS=@@FOREIGN_KEY_CHECKS, FOREIGN_KEY_CHECKS=0 */
1	3.0527e-05	3.0527e-05	3.0527e-05	3.0527e-05	0	0	0.0000	isuride	/*!40014 SET @OLD_UNIQUE_CHECKS=@@UNIQUE_CHECKS, UNIQUE_CHECKS=0 */
1	3.0033e-05	3.0033e-05	3.0033e-05	3.0033e-05	0	0	0.0000	isuride	/*!50503 SET NAMES utf8mb4 */
1	2.9008e-05	2.9008e-05	2.9008e-05	2.9008e-05	0	0	0.0000	isuride	/*!40101 SET @OLD_SQL_MODE=@@SQL_MODE, SQL_MODE='NO_AUTO_VALUE_ON_ZERO' */
1	2.7544e-05	2.7544e-05	2.7544e-05	2.7544e-05	0	0	0.0000	isuride	/*!40103 SET TIME_ZONE='+00:00' */
1	2.6817e-05	2.6817e-05	2.6817e-05	2.6817e-05	0	0	0.0000	isuride	/*!40101 SET @OLD_CHARACTER_SET_RESULTS=@@CHARACTER_SET_RESULTS */
1	2.6124e-05	2.6124e-05	2.6124e-05	2.6124e-05	0	0	0.0000	isuride	/*!40101 SET SQL_MODE=@OLD_SQL_MODE */
1	2.4226e-05	2.4226e-05	2.4226e-05	2.4226e-05	0	0	0.0000	isuride	/*!40101 SET CHARACTER_SET_RESULTS=@OLD_CHARACTER_SET_RESULTS */
1	2.4075e-05	2.4075e-05	2.4075e-05	2.4075e-05	0	0	0.0000	isuride	/*!40103 SET @OLD_TIME_ZONE=@@TIME_ZONE */
1	2.4023e-05	2.4023e-05	2.4023e-05	2.4023e-05	0	0	0.0000	isuride	/*!40101 SET @OLD_COLLATION_CONNECTION=@@COLLATION_CONNECTION */
1	2.1455e-05	2.1455e-05	2.1455e-05	2.1455e-05	0	0	0.0000	isuride	/*!40101 SET COLLATION_CONNECTION=@OLD_COLLATION_CONNECTION */
1	2.0961e-05	2.0961e-05	2.0961e-05	2.0961e-05	0	0	0.0000	isuride	/*!40014 SET FOREIGN_KEY_CHECKS=@OLD_FOREIGN_KEY_CHECKS */
1	1.9021e-05	1.9021e-05	1.9021e-05	1.9021e-05	0	0	0.0000	isuride	/*!40014 SET UNIQUE_CHECKS=@OLD_UNIQUE_CHECKS */
